customer_id,first_name,last_name,gender,age,signup_date,region
C0000,Patrick,Morgan,Male,18.0,2024-07-11,South
C0001,Eric,Lee,Other,36.0,2020-09-20,East
C0002,Thomas,Pena,Female,,2021-03-07,East
C0003,Dalton,Duran,Male,24.0,2021-08-29,South
C0004,Travis,Mcclain,Male,50.0,2023-03-29,South
C0005,Brian,Kelley,Male,68.0,2024-11-21,North
C0006,Alyssa,Sandoval,Female,47.0,2025-02-08,North
C0007,Theresa,Wright,Male,70.0,2022-12-08,South
C0008,Alyssa,Estrada,Male,48.0,2023-08-22,East
C0009,Karen,Clark,Female,62.0,2023-05-31,East
C0010,Christina,Scott,Male,70.0,2021-06-04,West
C0011,John,Franklin,Other,51.0,2020-06-30,East
C0012,Jerome,Jones,Male,63.0,2020-06-06,East
C0013,Richard,Barnes,Male,65.0,2020-06-15,North
C0014,Anna,Bennett,Male,26.0,2020-06-28,South
C0015,Anne,Greer,Other,32.0,2020-09-18,East
C0016,Sabrina,Carey,Male,31.0,2022-09-21,South
C0017,Crystal,Adkins,Male,45.0,2024-07-30,North
C0018,Amanda,Riley,Male,19.0,2023-01-21,West
C0019,Jose,Arellano,Female,20.0,2020-05-19,South
C0020,Michelle,Adkins,Male,20.0,2021-04-28,North
C0021,Courtney,Roth,Female,25.0,2022-12-29,East
C0022,John,Le,Male,22.0,2024-11-27,East
C0023,Patricia,Stephens,Other,,2020-09-30,North
C0024,Amber,Higgins,Male,56.0,2023-01-13,South
C0025,Sharon,Montes,Other,30.0,2022-12-17,South
C0026,Vincent,Henry,Other,40.0,2024-09-15,North
C0027,Ray,Ross,Male,27.0,2021-12-17,East
C0028,Kylie,Long,Other,40.0,2023-09-16,East
C0029,Nancy,Murphy,Male,50.0,2021-09-14,South
C0030,Craig,Matthews,Other,54.0,2022-05-06,North
C0031,Melanie,Patterson,Male,70.0,2023-04-27,North
C0032,John,Frazier,Other,31.0,2021-07-01,South
C0033,Charles,Jones,Female,28.0,2024-07-27,North
C0034,Shawn,Hall,Other,24.0,2022-05-20,South
C0035,James,Small,Other,63.0,2022-01-13,West
C0036,Anthony,Williams,Female,,2023-09-18,South
C0037,John,Silva,Female,61.0,2024-05-09,North
C0038,Jamie,Hopkins,Male,40.0,2024-09-22,West
C0039,Jonathan,Brown,Female,31.0,2021-08-20,South
C0040,Jason,Lee,Female,25.0,2021-05-23,East
C0041,Jonathan,Kennedy,Male,47.0,2022-05-16,North
C0042,Sherry,Torres,Other,26.0,2020-07-19,West
C0043,Kevin,Chavez,Female,63.0,2023-02-13,East
C0044,Bryan,Pollard,Other,64.0,2021-12-14,North
C0045,Allison,Pratt,Male,38.0,2023-06-23,West
C0046,Edward,Green,Male,42.0,2021-07-04,East
C0047,Michael,Brewer,Female,56.0,2024-11-12,East
C0048,Gregory,Ward,Other,46.0,2024-09-06,South
C0049,Robert,Manning,Other,44.0,2024-07-09,East
C0050,Robert,Wilcox,Female,30.0,2022-04-11,North
C0051,Kathy,Porter,Female,61.0,2023-07-14,East
C0052,Megan,Peterson,Male,18.0,2025-03-13,West
C0053,Matthew,Watson,Other,24.0,2024-03-26,West
C0054,Jorge,Jenkins,Female,51.0,2020-07-24,North
C0055,Carlos,Strickland,Male,,2025-01-25,West
C0056,Dawn,Guzman,Female,62.0,2022-11-21,North
C0057,Jennifer,Medina,Other,28.0,2023-01-20,North
C0058,Taylor,Patterson,Female,30.0,2024-10-07,East
C0059,Alison,Berger,Male,56.0,2020-11-16,West
C0060,Todd,Boyd,Male,32.0,2022-09-06,West
C0061,Molly,Johnson,Other,49.0,2021-12-28,East
C0062,Debbie,Shaw,Other,67.0,2023-09-25,East
C0063,Barbara,Barnes,Other,43.0,2023-11-10,East
C0064,Bryan,Jones,Female,60.0,2021-11-12,West
C0065,Jessica,Lopez,Female,50.0,2024-11-25,East
C0066,Daniel,Whitaker,Male,67.0,2023-04-30,West
C0067,William,Singleton,Male,25.0,2024-02-25,East
C0068,Debra,Powell,Female,49.0,2022-07-22,South
C0069,Kelli,Santana,Other,26.0,2021-06-19,North
C0070,Michelle,Mitchell,Male,65.0,2024-08-06,North
C0071,William,Williams,Male,49.0,2024-12-18,North
C0072,Michele,Walter,Male,42.0,2021-11-05,East
C0073,Virginia,Molina,Male,37.0,2023-06-20,North
C0074,Sierra,Santiago,Male,60.0,2024-12-19,West
C0075,Brian,Parker,Female,30.0,2022-11-10,East
C0076,Craig,Martinez,Other,49.0,2024-02-06,West
C0077,Donald,Mcdonald,Other,34.0,2025-03-15,East
C0078,Christine,Thompson,Other,52.0,2021-10-15,North
C0079,James,Rodriguez,Male,45.0,2022-11-25,North
C0080,Jill,Middleton,Female,46.0,2023-07-27,East
C0081,Brian,Martin,Female,46.0,2020-05-20,West
C0082,Christopher,Escobar,Male,20.0,2022-04-11,South
C0083,Nicole,Kelly,Other,60.0,2023-08-19,East
C0084,Charles,Wallace,Other,28.0,2024-07-26,West
C0085,Cindy,Rios,Female,26.0,2024-01-25,East
C0086,Isaac,Ferrell,Other,42.0,2022-07-09,West
C0087,David,Fleming,Male,54.0,2022-01-30,West
C0088,Angelica,Brown,Other,53.0,2021-08-23,West
C0089,Mary,Barton,Female,53.0,2025-02-12,South
C0090,Jacob,Spencer,Other,21.0,2020-10-25,West
C0091,Jamie,Chen,Female,49.0,2023-05-22,West
C0092,Beth,Flores,Other,61.0,2022-05-17,East
C0093,Arthur,Smith,Female,38.0,2023-10-01,North
C0094,Rebecca,Blankenship,Male,,2020-08-13,North
C0095,Miguel,Anderson,Male,41.0,2022-08-05,East
C0096,Kathryn,Wright,Other,55.0,2020-11-05,North
C0097,Christopher,Ballard,Other,39.0,2021-06-07,West
C0098,Rachel,King,Male,45.0,2024-04-08,East
C0099,Toni,Garcia,Female,44.0,2022-10-30,East
C0100,Courtney,Banks,Male,60.0,2024-10-24,South
C0101,Harold,Anderson,Male,33.0,2024-02-09,East
C0102,Krista,Chung,Other,23.0,2024-04-24,North
C0103,Oscar,Carr,Female,25.0,2021-03-12,East
C0104,Mark,Carter,Male,19.0,2021-02-12,East
C0105,Kim,Stone,Male,47.0,2020-08-03,West
C0106,Caitlin,Castillo,Other,50.0,2020-11-02,West
C0107,Rachel,Reynolds,Female,19.0,2024-06-09,West
C0108,Amanda,Fitzgerald,Other,19.0,2022-06-06,East
C0109,Tina,Holder,Female,54.0,2023-04-23,West
C0110,Natasha,Ellison,Female,54.0,2023-11-25,North
C0111,Kimberly,Curtis,Female,24.0,2024-12-19,South
C0112,Zachary,Sanchez,Female,49.0,2024-03-01,East
C0113,Lauren,Conley,Male,57.0,2024-06-14,East
C0114,Heather,Adams,Female,45.0,2023-05-24,South
C0115,Shelby,Dougherty,Female,58.0,2020-12-21,North
C0116,Candice,Ingram,Other,31.0,2024-01-19,East
C0117,William,Williams,Female,21.0,2022-11-01,East
C0118,Shawn,Mccormick,Other,43.0,2020-07-03,South
C0119,Jody,Scott,Other,65.0,2024-11-02,North
C0120,David,Chan,Other,55.0,2021-01-17,North
C0121,Kayla,Burke,Other,39.0,2024-01-02,East
C0122,Brandi,Mueller,Male,,2022-10-26,West
C0123,Mary,Lee,Female,31.0,2020-11-26,East
C0124,Bobby,Higgins,Male,59.0,2021-09-03,East
C0125,Ashley,Obrien,Other,69.0,2024-12-30,East
C0126,Calvin,Reyes,Female,60.0,2021-06-09,East
C0127,Andrew,Price,Male,44.0,2021-06-10,West
C0128,Martin,Wilson,Female,57.0,2020-06-07,West
C0129,James,Rodriguez,Other,66.0,2021-09-25,South
C0130,Sarah,Cruz,Male,58.0,2023-08-19,South
C0131,Kathleen,Sutton,Other,49.0,2023-02-02,South
C0132,William,Moore,Other,70.0,2024-01-09,West
C0133,Phillip,White,Female,58.0,2023-10-02,West
C0134,Elizabeth,Brooks,Other,64.0,2023-07-31,North
C0135,Hector,Clarke,Other,30.0,2025-04-04,East
C0136,Thomas,Simmons,Female,27.0,2023-03-28,South
C0137,Willie,Gonzalez,Male,65.0,2022-08-20,East
C0138,April,Mann,Female,44.0,2024-03-31,East
C0139,Larry,Johnson,Male,58.0,2021-06-28,South
C0140,Amanda,Hicks,Female,35.0,2021-01-25,East
C0141,Jean,Joseph,Other,28.0,2024-12-31,East
C0142,William,Anthony,Other,56.0,2022-08-01,South
C0143,Collin,Lutz,Female,33.0,2021-10-13,North
C0144,Alicia,Baker,Male,30.0,2020-12-25,North
C0145,Richard,Murphy,Male,69.0,2023-03-25,East
C0146,Karen,Becker,Female,49.0,2021-11-12,West
C0147,Melissa,Suarez,Female,59.0,2024-04-17,North
C0148,Philip,Castillo,Male,28.0,2021-01-09,East
C0149,Susan,Bailey,Male,19.0,2025-01-30,East
C0150,Jeremy,Jones,Female,60.0,2023-10-20,South
C0151,Christopher,Brown,Other,20.0,2021-04-30,West
C0152,David,Huerta,Male,21.0,2024-12-31,North
C0153,Teresa,Cochran,Female,56.0,2022-08-30,East
C0154,Joshua,Rice,Male,44.0,2020-04-15,East
C0155,Jennifer,Clark,Other,60.0,2022-01-02,North
C0156,Zachary,Johnson,Female,,2020-04-21,South
C0157,Jeremy,Snyder,Male,25.0,2024-09-05,North
C0158,Charles,Mcdonald,Other,60.0,2024-01-23,East
C0159,Chad,Chen,Female,23.0,2021-11-01,South
C0160,Perry,Rice,Other,25.0,2020-07-26,East
C0161,Max,Jenkins,Female,55.0,2023-09-24,West
C0162,Barbara,Young,Other,65.0,2024-01-23,South
C0163,Shannon,Garner,Female,31.0,2022-02-04,South
C0164,Debra,Dorsey,Male,29.0,2024-01-18,South
C0165,Jerry,Alexander,Female,46.0,2023-07-16,West
C0166,Christopher,Herrera,Female,55.0,2020-08-12,North
C0167,Matthew,Anthony,Female,52.0,2021-08-29,East
C0168,Gabriel,Jenkins,Other,25.0,2022-11-19,East
C0169,Billy,Watts,Other,45.0,2021-12-07,West
C0170,Lisa,Brown,Other,33.0,2021-06-26,East
C0171,Doris,Collins,Male,41.0,2024-01-03,West
C0172,Ashley,Phillips,Other,41.0,2024-03-26,East
C0173,Nicole,Black,Male,59.0,2023-08-13,North
C0174,James,French,Other,60.0,2024-11-19,North
C0175,Ryan,Charles,Other,68.0,2021-04-25,South
C0176,Bradley,Galvan,Female,53.0,2024-02-23,West
C0177,Toni,Frye,Female,58.0,2022-01-09,East
C0178,Adam,Mueller,Other,25.0,2024-06-08,South
C0179,Carol,Lara,Female,42.0,2021-10-03,North
C0180,Tammy,Brewer,Female,34.0,2022-08-30,East
C0181,Nancy,Hickman,Male,70.0,2024-05-25,South
C0182,Thomas,Blake,Female,31.0,2020-08-08,South
C0183,Carl,Villanueva,Female,58.0,2022-07-18,East
C0184,Deanna,Flynn,Other,44.0,2023-10-04,North
C0185,Richard,Morris,Female,23.0,2023-10-24,West
C0186,Rebecca,Peterson,Female,65.0,2021-07-14,West
C0187,Sean,Macdonald,Female,63.0,2022-06-06,West
C0188,Brandi,Torres,Male,70.0,2023-03-12,South
C0189,Lauren,Liu,Other,34.0,2024-09-18,North
C0190,Linda,Humphrey,Female,44.0,2024-05-25,East
C0191,Jerry,Hardy,Female,62.0,2022-10-21,North
C0192,Reginald,Williams,Male,59.0,2024-04-29,South
C0193,Shelby,Henry,Other,,2020-10-06,South
C0194,Nancy,Ward,Male,43.0,2021-04-12,South
C0195,William,Taylor,Other,37.0,2021-02-05,East
C0196,Holly,Martinez,Other,23.0,2022-04-07,North
C0197,Tara,Byrd,Male,33.0,2022-08-13,South
C0198,Kelly,Coleman,Other,61.0,2020-06-01,West
C0199,Michele,Ellis,Female,46.0,2022-07-20,West
C0200,Anthony,Davis,Other,26.0,2020-09-01,East
C0201,Daniel,Wheeler,Male,61.0,2024-01-05,East
C0202,Katherine,Lamb,Female,30.0,2023-12-12,North
C0203,Levi,Bradford,Female,41.0,2024-01-24,South
C0204,Lance,James,Female,42.0,2022-07-19,South
C0205,Emily,Jackson,Male,19.0,2023-06-27,South
C0206,Jason,Peters,Male,47.0,2023-12-03,South
C0207,Brian,Reyes,Female,62.0,2020-11-13,South
C0208,Samantha,Robinson,Male,43.0,2024-11-23,West
C0209,Kathy,Winters,Other,34.0,2021-02-12,South
C0210,Kyle,Dodson,Male,41.0,2023-09-19,South
C0211,Kristin,Cook,Other,25.0,2022-11-18,North
C0212,Tyler,Hale,Other,51.0,2021-08-28,West
C0213,Kimberly,Barton,Female,70.0,2024-06-28,West
C0214,Michelle,Miller,Male,32.0,2020-11-20,South
C0215,Zachary,Fitzgerald,Male,70.0,2021-01-21,East
C0216,Alexis,Garcia,Female,65.0,2024-05-06,West
C0217,Kim,Vasquez,Female,26.0,2022-05-31,West
C0218,Jared,Turner,Male,56.0,2023-04-25,South
C0219,Justin,Young,Female,64.0,2024-12-11,South
C0220,Helen,Brown,Female,29.0,2023-08-22,West
C0221,Janice,Moore,Male,19.0,2023-12-16,East
C0222,Melanie,Morales,Female,33.0,2023-07-05,West
C0223,Edward,Mueller,Male,41.0,2021-12-25,West
C0224,Laura,James,Male,18.0,2021-02-04,West
C0225,Lisa,Gray,Male,38.0,2023-09-10,West
C0226,Robert,Sherman,Other,31.0,2024-09-09,West
C0227,Megan,Lopez,Other,45.0,2022-12-30,East
C0228,Jennifer,Rogers,Male,24.0,2021-10-21,North
C0229,Jorge,Phillips,Male,39.0,2025-03-01,South
C0230,Mark,Lewis,Female,40.0,2024-08-10,North
C0231,Richard,Smith,Male,34.0,2020-07-24,West
C0232,Ronald,Howard,Female,43.0,2024-08-03,East
C0233,Joseph,Johnson,Male,53.0,2022-05-20,North
C0234,Ralph,Reid,Other,29.0,2021-10-17,East
C0235,George,Williams,Male,50.0,2022-04-10,West
C0236,Allison,Black,Female,47.0,2023-02-24,South
C0237,Dennis,Dixon,Male,38.0,2025-02-09,West
C0238,Joseph,Mathis,Male,34.0,2020-11-05,North
C0239,Laura,Mccann,Female,20.0,2022-06-11,South
C0240,Shane,Aguirre,Female,35.0,2024-09-16,East
C0241,Frederick,Fischer,Female,36.0,2022-11-30,East
C0242,David,Wilson,Other,66.0,2023-02-20,East
C0243,Kathy,Hughes,Other,,2021-02-22,West
C0244,Scott,Moore,Male,38.0,2022-03-14,West
C0245,Steve,Hensley,Male,53.0,2020-06-11,West
C0246,Catherine,Williams,Male,30.0,2021-01-02,South
C0247,Karl,Watts,Male,32.0,2021-09-27,South
C0248,Madeline,Maddox,Male,48.0,2022-09-16,East
C0249,Ricky,Phillips,Male,63.0,2022-07-07,West
C0250,Wayne,Jones,Female,25.0,2021-11-20,West
C0251,Jeffrey,Ferguson,Male,46.0,2023-12-03,East
C0252,Joshua,Morrow,Other,53.0,2022-02-28,West
C0253,Karina,White,Female,49.0,2023-02-10,North
C0254,Matthew,Wright,Other,27.0,2020-07-25,North
C0255,James,Hall,Female,23.0,2024-06-06,South
C0256,John,Jones,Female,29.0,2021-10-19,South
C0257,Philip,Ramirez,Other,50.0,2024-02-25,East
C0258,Melinda,Fitzgerald,Other,60.0,2021-05-21,South
C0259,Sandra,Weeks,Other,18.0,2023-08-17,South
C0260,Mikayla,Foster,Female,22.0,2022-04-20,South
C0261,Nathan,Gonzalez,Female,61.0,2023-10-29,North
C0262,John,Combs,Female,19.0,2024-07-30,East
C0263,Katherine,Bryant,Other,,2023-01-22,North
C0264,Charles,King,Female,41.0,2022-02-04,North
C0265,Francisco,Kerr,Female,27.0,2020-09-22,North
C0266,Andrew,Scott,Male,47.0,2020-12-07,West
C0267,Timothy,Carroll,Female,58.0,2023-07-05,East
C0268,John,Gonzales,Other,60.0,2024-12-26,North
C0269,Debbie,Nguyen,Female,20.0,2022-09-19,West
C0270,John,Lawson,Female,,2024-09-01,South
C0271,Christine,Moore,Male,21.0,2020-04-28,East
C0272,Sharon,Vasquez,Female,69.0,2024-04-17,North
C0273,Connie,Stark,Other,,2024-11-18,West
C0274,Nancy,Ray,Male,43.0,2023-03-26,East
C0275,Evan,Ryan,Male,33.0,2023-08-15,West
C0276,Rachael,Mason,Male,19.0,2020-05-21,South
C0277,Andrew,Martin,Male,42.0,2023-03-23,West
C0278,Mary,Ferguson,Female,59.0,2021-09-21,South
C0279,Phillip,Morse,Male,37.0,2021-09-17,West
C0280,Adam,Randall,Female,65.0,2022-10-26,East
C0281,April,Krause,Other,56.0,2023-01-16,South
C0282,Stephen,Vasquez,Female,60.0,2022-05-03,North
C0283,Jennifer,Ramirez,Female,50.0,2023-03-21,South
C0284,Stephen,Roberts,Female,,2023-02-05,West
C0285,Kayla,Thompson,Female,35.0,2021-07-10,West
C0286,Kara,Stevens,Male,66.0,2024-06-19,West
C0287,Tiffany,Washington,Female,57.0,2024-07-23,South
C0288,Gregory,Pitts,Female,58.0,2021-07-28,West
C0289,Kevin,Obrien,Male,,2021-10-14,East
C0290,Amy,Lee,Female,61.0,2023-09-10,South
C0291,Charlotte,May,Other,61.0,2023-02-25,South
C0292,Sara,Bowman,Female,51.0,2022-01-15,North
C0293,Willie,Mills,Female,47.0,2023-01-24,West
C0294,Devin,Tapia,Male,69.0,2025-03-10,West
C0295,Arthur,Perez,Female,27.0,2023-09-14,South
C0296,Catherine,Martin,Other,37.0,2024-09-07,South
C0297,Lynn,Baker,Other,45.0,2024-02-26,East
C0298,Martin,Murphy,Other,21.0,2021-05-01,North
C0299,Joanna,Knight,Male,50.0,2020-09-17,North
C0300,Jorge,Gutierrez,Other,45.0,2021-08-29,West
C0301,Angela,Johnson,Male,47.0,2023-04-03,East
C0302,Deborah,Nunez,Female,34.0,2021-07-02,North
C0303,Michelle,Sawyer,Other,19.0,2020-09-25,North
C0304,Paul,Dudley,Other,60.0,2024-04-01,West
C0305,Emily,Crawford,Male,68.0,2023-09-04,South
C0306,Nicole,Rivera,Female,20.0,2023-05-05,North
C0307,Tammy,Smith,Female,63.0,2024-05-26,East
C0308,Sherri,Brown,Female,55.0,2022-07-09,West
C0309,Susan,Ramirez,Other,46.0,2021-04-27,East
C0310,David,Allen,Female,,2021-12-12,South
C0311,Brenda,Stevenson,Male,29.0,2020-08-27,North
C0312,Tyler,Kim,Other,56.0,2020-11-28,East
C0313,Susan,Mitchell,Other,24.0,2021-06-16,West
C0314,Andrea,Anderson,Other,19.0,2023-07-20,North
C0315,Eileen,Wilson,Female,25.0,2024-02-28,North
C0316,Kenneth,Clark,Male,59.0,2022-07-14,West
C0317,Gregory,Johnson,Female,62.0,2021-11-09,West
C0318,Joshua,Romero,Other,65.0,2024-03-01,West
C0319,Glenn,Simon,Female,57.0,2020-12-06,East
C0320,Anne,Martinez,Other,61.0,2022-03-04,West
C0321,Jerry,Hawkins,Female,23.0,2020-10-21,South
C0322,Christina,Burgess,Male,18.0,2021-10-19,South
C0323,Kelly,Jarvis,Male,70.0,2020-09-01,North
C0324,Timothy,Newman,Other,,2024-11-08,North
C0325,Ariana,Knight,Male,48.0,2024-08-16,South
C0326,Shaun,Mack,Other,33.0,2020-04-29,West
C0327,Stephanie,Brooks,Other,68.0,2023-06-17,South
C0328,Brandy,Lewis,Male,37.0,2022-06-24,West
C0329,Melissa,Robles,Male,48.0,2023-08-18,West
C0330,Andrea,Sampson,Male,25.0,2021-02-07,South
C0331,Darryl,Woodard,Male,65.0,2025-02-05,West
C0332,Steven,Gould,Female,48.0,2022-10-09,North
C0333,Laura,Morris,Female,55.0,2024-05-23,South
C0334,Karen,Williams,Male,,2022-01-30,West
C0335,Joshua,Lester,Male,39.0,2022-12-15,North
C0336,Wesley,Riley,Male,58.0,2020-12-11,West
C0337,Kristen,Rich,Female,49.0,2024-02-07,East
C0338,James,James,Male,49.0,2020-11-05,West
C0339,Lori,Cruz,Female,50.0,2023-05-06,West
C0340,Kelly,Townsend,Male,63.0,2022-09-02,North
C0341,Eric,Wilson,Other,19.0,2023-04-12,West
C0342,Kurt,Shannon,Other,38.0,2020-04-21,North
C0343,Maria,Berry,Female,59.0,2021-08-09,West
C0344,David,Ramirez,Female,25.0,2022-05-24,West
C0345,Isaac,Booth,Other,59.0,2022-09-02,East
C0346,Jessica,Bradley,Female,62.0,2023-02-07,West
C0347,Rita,Porter,Male,,2023-06-10,East
C0348,Jason,Higgins,Other,30.0,2023-04-03,West
C0349,Nicholas,Pruitt,Female,46.0,2021-01-17,South
C0350,Peter,Sutton,Other,32.0,2020-04-24,East
C0351,Ashley,Taylor,Other,63.0,2020-06-27,West
C0352,Renee,Weaver,Male,36.0,2023-03-26,West
C0353,Alyssa,Ruiz,Female,61.0,2021-01-08,East
C0354,Ariel,Hale,Female,69.0,2020-11-18,South
C0355,Zachary,Woods,Other,31.0,2022-05-10,East
C0356,Ryan,Hernandez,Other,65.0,2021-01-25,North
C0357,John,White,Other,48.0,2023-12-25,South
C0358,Karen,Jackson,Male,30.0,2022-06-03,South
C0359,Sierra,Dennis,Other,49.0,2023-04-28,North
C0360,Shannon,Campbell,Female,49.0,2020-08-14,East
C0361,Lisa,Howell,Male,31.0,2020-09-06,North
C0362,Traci,Nichols,Male,40.0,2022-02-04,East
C0363,Katherine,Walker,Female,61.0,2024-07-31,South
C0364,Amy,Woods,Male,70.0,2021-11-29,North
C0365,Zachary,Miller,Male,39.0,2024-01-23,West
C0366,Christopher,Guerrero,Male,57.0,2023-05-17,South
C0367,Jeffrey,Patterson,Male,53.0,2024-03-21,South
C0368,Natalie,Riley,Female,,2021-11-22,East
C0369,Sean,Bryant,Female,67.0,2024-11-03,North
C0370,Amber,Bentley,Other,35.0,2024-09-28,South
C0371,Angela,Davis,Other,50.0,2024-04-30,North
C0372,Madison,Smith,Other,21.0,2025-01-27,West
C0373,Melissa,Cole,Female,66.0,2020-10-10,North
C0374,David,Nunez,Male,68.0,2023-07-07,North
C0375,Leon,Bell,Other,20.0,2025-03-16,North
C0376,William,Jones,Male,58.0,2024-03-13,North
C0377,Cassandra,Sharp,Male,41.0,2020-08-22,South
C0378,Christopher,Flores,Other,36.0,2022-08-29,West
C0379,Jesse,Anderson,Other,,2023-05-12,North
C0380,Donald,Vang,Male,59.0,2022-03-06,East
C0381,Stephanie,Scott,Female,70.0,2022-08-23,South
C0382,Joshua,Johnson,Male,30.0,2025-01-14,West
C0383,Jonathan,Conley,Female,67.0,2023-09-22,North
C0384,Heather,Bradley,Male,69.0,2025-01-03,West
C0385,Terri,Simpson,Female,36.0,2023-12-19,South
C0386,Terry,Davis,Male,35.0,2023-03-12,East
C0387,Darren,Brown,Other,66.0,2023-09-09,West
C0388,Matthew,Miller,Female,58.0,2020-11-14,South
C0389,Crystal,Burgess,Male,66.0,2024-11-22,West
C0390,Rachel,Cordova,Male,26.0,2021-08-22,West
C0391,Doris,Brown,Female,44.0,2023-06-11,West
C0392,Christopher,Alvarez,Other,68.0,2022-10-11,East
C0393,Brandon,Cooper,Male,46.0,2020-11-16,South
C0394,Sarah,Larson,Male,63.0,2021-01-02,North
C0395,Theresa,Wang,Male,39.0,2024-12-17,East
C0396,Laura,Smith,Female,67.0,2025-03-10,South
C0397,Raymond,Taylor,Female,21.0,2023-04-19,West
C0398,Paul,Pace,Male,60.0,2023-10-22,South
C0399,Christopher,Kennedy,Other,21.0,2020-12-06,East
C0400,Jeremy,Fuller,Female,43.0,2021-05-10,East
C0401,Lance,Ferguson,Other,65.0,2021-02-14,East
C0402,Bianca,Hicks,Female,18.0,2024-10-07,East
C0403,Gary,Hall,Other,57.0,2023-04-27,South
C0404,Juan,Sanchez,Other,43.0,2020-09-26,West
C0405,Sarah,Sharp,Other,31.0,2024-04-07,West
C0406,Heather,Allen,Other,40.0,2022-11-06,West
C0407,Megan,Stevens,Male,37.0,2021-07-02,North
C0408,Kristin,Roman,Male,52.0,2024-12-04,East
C0409,Bryan,Brown,Female,64.0,2022-06-11,South
C0410,Brandy,Morgan,Other,52.0,2020-04-11,East
C0411,Antonio,Luna,Male,23.0,2024-07-31,East
C0412,Erik,Chen,Other,39.0,2022-01-06,South
C0413,Eddie,Shea,Male,19.0,2021-01-03,East
C0414,Stacy,Anderson,Male,67.0,2023-04-22,East
C0415,Kaitlyn,Daniels,Other,45.0,2024-05-01,North
C0416,Erin,Ortega,Other,21.0,2022-03-12,East
C0417,Donna,Adams,Female,58.0,2022-09-22,East
C0418,Jeffrey,Roberts,Male,21.0,2024-01-15,North
C0419,Tracy,Shelton,Female,37.0,2024-06-17,North
C0420,Daniel,Farmer,Female,39.0,2023-09-18,South
C0421,William,Patterson,Other,55.0,2022-08-06,South
C0422,Cathy,Horn,Female,37.0,2023-07-27,East
C0423,Robert,Hayes,Other,68.0,2025-04-07,South
C0424,Christine,Mendoza,Other,42.0,2024-06-24,South
C0425,Laura,Mclean,Male,38.0,2020-11-22,South
C0426,Amy,Shaw,Female,47.0,2024-08-16,North
C0427,Jason,Foster,Male,63.0,2022-11-21,West
C0428,Kristin,Brown,Female,23.0,2023-12-21,North
C0429,Tracy,Hall,Male,,2021-06-02,South
C0430,Mandy,Rice,Female,31.0,2021-05-24,West
C0431,Walter,Duarte,Male,41.0,2022-11-19,West
C0432,Martha,Robles,Other,,2024-02-27,West
C0433,James,George,Female,55.0,2024-04-10,West
C0434,Shane,Ryan,Other,45.0,2024-08-24,West
C0435,Samuel,Jones,Other,49.0,2024-05-27,West
C0436,Bradley,Hubbard,Male,27.0,2024-02-03,South
C0437,Karen,Johnson,Female,63.0,2022-08-03,West
C0438,Amy,Barrett,Male,63.0,2021-08-11,North
C0439,Jennifer,Mcdonald,Other,31.0,2021-07-07,West
C0440,Ann,Powers,Female,,2023-02-04,South
C0441,Kimberly,Hughes,Other,41.0,2022-08-22,North
C0442,Donna,Romero,Other,44.0,2021-10-10,North
C0443,Cassandra,Thompson,Male,41.0,2020-05-15,East
C0444,Margaret,Price,Male,51.0,2020-05-25,South
C0445,John,Guerrero,Male,41.0,2024-01-18,East
C0446,Charles,Garcia,Female,37.0,2023-04-19,East
C0447,Anna,Roberts,Female,19.0,2023-06-17,South
C0448,Roy,Ramirez,Male,68.0,2023-08-16,West
C0449,Jessica,White,Male,37.0,2021-12-14,East
C0450,Anthony,Montoya,Male,29.0,2024-07-25,West
C0451,David,Chandler,Male,25.0,2022-07-05,East
C0452,Jennifer,Mcdonald,Male,20.0,2025-02-19,West
C0453,Gary,Roberts,Female,,2020-06-15,East
C0454,Gregory,Rivas,Other,46.0,2022-09-19,East
C0455,Jorge,Jackson,Female,48.0,2023-07-28,South
C0456,Anthony,Huff,Male,,2023-04-12,West
C0457,Jimmy,Donaldson,Female,60.0,2023-03-03,West
C0458,Tonya,Meadows,Male,64.0,2021-11-27,East
C0459,John,Wagner,Male,,2024-08-22,West
C0460,Dennis,Ramirez,Female,32.0,2025-03-27,West
C0461,Janet,Sanchez,Female,52.0,2022-01-22,North
C0462,Kelly,Spencer,Other,46.0,2024-08-17,East
C0463,Alan,Osborn,Other,23.0,2020-09-15,South
C0464,Heather,Smith,Other,19.0,2023-08-10,East
C0465,Nicole,Garcia,Other,59.0,2021-11-30,North
C0466,Randy,Le,Other,53.0,2025-01-23,North
C0467,Timothy,Combs,Male,57.0,2021-05-02,North
C0468,Kimberly,Robertson,Other,51.0,2023-01-09,South
C0469,Mary,Dalton,Female,50.0,2024-07-03,North
C0470,Charles,Gonzalez,Male,60.0,2023-07-29,South
C0471,Deanna,Pitts,Male,35.0,2023-06-04,South
C0472,Justin,Howard,Male,63.0,2022-11-24,West
C0473,Kathleen,Montoya,Male,69.0,2022-11-09,East
C0474,Jennifer,Allen,Female,55.0,2025-01-10,North
C0475,Joshua,Johnson,Female,19.0,2020-09-28,East
C0476,John,Le,Female,29.0,2022-11-23,West
C0477,Mary,Martinez,Male,51.0,2023-05-27,East
C0478,James,Johnson,Female,34.0,2020-07-19,North
C0479,Mary,Farmer,Male,24.0,2021-08-18,South
C0480,Matthew,Moore,Female,27.0,2020-05-23,South
C0481,Keith,Hayes,Female,67.0,2022-11-17,North
C0482,Jennifer,Ramsey,Male,37.0,2024-12-09,West
C0483,Alan,Webb,Other,28.0,2022-04-10,North
C0484,Deanna,Hall,Other,38.0,2022-06-14,South
C0485,David,Krause,Male,63.0,2023-07-26,North
C0486,Joseph,Leon,Female,42.0,2023-10-04,North
C0487,Danny,Camacho,Female,27.0,2021-02-14,West
C0488,Brent,Dickson,Female,34.0,2024-12-06,West
C0489,Paula,Washington,Male,,2020-09-02,South
C0490,Joseph,Wright,Male,66.0,2022-06-15,South
C0491,Samuel,Conley,Female,50.0,2023-08-21,West
C0492,Scott,Parrish,Male,35.0,2023-08-20,North
C0493,Kimberly,Brown,Female,47.0,2022-08-24,West
C0494,Jessica,Cox,Male,48.0,2021-03-17,North
C0495,Victoria,Smith,Female,58.0,2024-10-30,South
C0496,Carrie,Ruiz,Male,35.0,2024-12-21,North
C0497,Holly,Deleon,Male,66.0,2024-08-04,South
C0498,Alexis,Martinez,Female,54.0,2022-11-12,West
C0499,Kristina,Manning,Female,23.0,2021-04-09,South
C0500,Heather,Martinez,Male,41.0,2022-07-02,South
C0501,Sarah,Caldwell,Male,52.0,2020-09-10,West
C0502,Karina,Thompson,Other,46.0,2021-02-14,North
C0503,Pamela,Johnson,Male,70.0,2024-08-03,West
C0504,Melanie,Monroe,Other,36.0,2021-09-13,South
C0505,Jonathan,Chung,Male,21.0,2023-07-28,West
C0506,Michael,Reese,Female,56.0,2020-05-14,East
C0507,Kyle,Beck,Other,42.0,2021-05-31,East
C0508,Joshua,Boyer,Other,31.0,2025-04-09,East
C0509,Dean,Taylor,Male,28.0,2021-12-30,North
C0510,Sergio,Garrett,Female,23.0,2022-01-19,West
C0511,Robert,Chung,Other,25.0,2024-11-14,South
C0512,Brian,Casey,Other,53.0,2021-03-08,East
C0513,Olivia,Jones,Female,31.0,2020-06-27,East
C0514,Joann,Gibson,Other,39.0,2025-01-25,East
C0515,Elizabeth,Alvarez,Other,46.0,2023-07-22,East
C0516,Nicholas,Kramer,Male,60.0,2024-01-30,East
C0517,Jonathan,Wilson,Female,31.0,2022-04-06,West
C0518,Nicholas,Fischer,Other,39.0,2024-09-24,North
C0519,Renee,Fletcher,Other,26.0,2021-08-28,North
C0520,Michael,Lee,Other,48.0,2021-06-25,North
C0521,Kyle,Smith,Male,61.0,2024-02-28,South
C0522,Cathy,Turner,Female,53.0,2022-08-06,West
C0523,Jessica,Villanueva,Female,52.0,2024-10-10,North
C0524,Diana,Jones,Other,59.0,2020-07-05,North
C0525,Lee,Booker,Other,19.0,2020-08-14,West
C0526,Michael,Brown,Other,25.0,2021-08-09,East
C0527,Ian,Carter,Female,,2024-10-05,East
C0528,Mary,Jacobson,Female,29.0,2020-12-09,North
C0529,Veronica,Brooks,Male,47.0,2023-03-03,East
C0530,Jasmine,Smith,Male,46.0,2024-03-12,North
C0531,Samantha,Peters,Male,65.0,2024-10-10,North
C0532,Zachary,Bailey,Female,61.0,2022-06-14,East
C0533,Tyler,Martinez,Male,23.0,2024-09-13,East
C0534,Shawn,Welch,Other,32.0,2024-01-20,South
C0535,Derrick,Lopez,Female,41.0,2023-10-21,North
C0536,Roy,Sanders,Female,49.0,2023-11-11,South
C0537,Daniel,Garrison,Male,30.0,2020-07-21,West
C0538,Christopher,Miller,Male,35.0,2022-01-01,West
C0539,Sherry,Williams,Male,53.0,2022-11-08,South
C0540,Jessica,Joseph,Other,65.0,2023-05-31,South
C0541,Janice,Butler,Male,55.0,2022-11-15,South
C0542,Julie,Simon,Other,22.0,2022-08-13,South
C0543,Dylan,Russell,Female,54.0,2023-09-21,South
C0544,Adrian,Warner,Other,64.0,2020-05-13,East
C0545,Stephen,Jones,Male,61.0,2022-03-02,North
C0546,Paul,Thompson,Other,61.0,2023-02-25,East
C0547,Jay,Johnson,Other,53.0,2024-08-17,West
C0548,Bryce,Simmons,Male,45.0,2020-06-09,North
C0549,Mark,Porter,Female,45.0,2023-11-04,West
C0550,Kelly,Chaney,Female,25.0,2023-03-30,West
C0551,Yvonne,Griffith,Female,41.0,2024-04-13,North
C0552,Tracy,Gonzalez,Other,32.0,2020-10-04,North
C0553,Laura,Rodriguez,Female,44.0,2023-10-31,West
C0554,Tiffany,Knapp,Female,18.0,2024-10-10,West
C0555,Tony,Sosa,Male,39.0,2020-07-22,North
C0556,Summer,Price,Other,69.0,2023-09-06,North
C0557,Juan,Cantu,Other,32.0,2021-04-14,West
C0558,Lindsey,Gutierrez,Male,33.0,2024-08-11,South
C0559,Caroline,Castro,Male,39.0,2024-05-15,East
C0560,Anthony,Phillips,Male,58.0,2022-01-10,North
C0561,Alicia,Howe,Male,48.0,2021-01-08,West
C0562,John,Mckenzie,Male,55.0,2023-06-20,East
C0563,Amanda,Sampson,Female,33.0,2020-12-16,North
C0564,Jessica,Miller,Female,33.0,2022-10-16,East
C0565,Emily,Foster,Male,70.0,2024-09-08,East
C0566,Johnny,Chapman,Other,68.0,2025-03-16,South
C0567,Nicole,George,Male,67.0,2021-03-22,West
C0568,Nathan,Garcia,Male,58.0,2023-07-06,West
C0569,Timothy,Schultz,Other,25.0,2023-12-29,North
C0570,Amy,Hess,Male,,2024-04-30,West
C0571,Jessica,Ayers,Female,62.0,2021-11-22,North
C0572,Abigail,Adams,Male,21.0,2020-04-20,West
C0573,Mary,Arnold,Male,37.0,2022-01-07,West
C0574,Anthony,Webb,Male,24.0,2022-06-25,North
C0575,Paul,Hall,Other,21.0,2025-02-10,East
C0576,Karen,Hernandez,Female,43.0,2020-04-27,North
C0577,Nancy,Buckley,Other,66.0,2022-05-30,West
C0578,Nathan,Snyder,Male,56.0,2024-02-18,North
C0579,Dana,Ho,Female,42.0,2023-07-24,West
C0580,Luke,Arnold,Female,57.0,2020-08-26,North
C0581,Perry,Hebert,Female,59.0,2024-05-17,North
C0582,William,Walters,Female,51.0,2023-06-04,East
C0583,John,Santana,Other,30.0,2021-04-15,North
C0584,Timothy,Levine,Male,18.0,2021-01-21,North
C0585,Tony,Parker,Other,68.0,2023-04-25,South
C0586,Brandon,Macdonald,Other,26.0,2021-08-30,East
C0587,Ryan,Mullen,Female,44.0,2021-01-07,West
C0588,David,Johnson,Other,,2021-02-24,West
C0589,Jose,Peterson,Male,33.0,2020-12-25,South
C0590,Patricia,Garcia,Male,21.0,2020-07-14,South
C0591,Tina,Frank,Female,55.0,2020-04-11,West
C0592,Austin,Adams,Other,59.0,2022-09-16,East
C0593,Andrew,Cook,Female,55.0,2021-08-24,South
C0594,Ryan,Castro,Male,,2021-06-23,East
C0595,Joshua,Shah,Other,39.0,2025-03-14,East
C0596,David,Carr,Female,18.0,2022-08-22,South
C0597,Ariel,Sanchez,Male,33.0,2024-06-22,North
C0598,Morgan,Wagner,Female,40.0,2023-04-11,South
C0599,Daniel,Estes,Male,58.0,2022-12-24,South
C0600,Timothy,Cunningham,Male,39.0,2021-04-24,South
C0601,Melissa,Jefferson,Other,48.0,2020-07-02,West
C0602,Julie,Rodriguez,Other,62.0,2023-11-19,East
C0603,Michelle,Simpson,Other,54.0,2020-08-07,East
C0604,Juan,Allison,Other,37.0,2020-04-23,West
C0605,James,Mason,Female,28.0,2022-09-15,North
C0606,Paul,Dawson,Female,68.0,2025-02-28,North
C0607,Patrick,Fox,Female,32.0,2025-04-04,North
C0608,Timothy,Page,Other,,2024-10-26,South
C0609,David,Sanford,Female,57.0,2023-12-24,South
C0610,Evelyn,Campbell,Male,48.0,2024-04-01,East
C0611,Daniel,Nelson,Other,,2020-05-20,South
C0612,Alexandra,Bennett,Female,29.0,2024-02-20,North
C0613,Rachael,Curtis,Female,18.0,2024-03-13,North
C0614,Heather,Barrera,Female,19.0,2020-08-13,North
C0615,Nicole,Simmons,Male,36.0,2023-04-19,West
C0616,Linda,Hamilton,Male,58.0,2022-11-16,East
C0617,Bradley,Cox,Male,19.0,2022-10-03,South
C0618,Jade,Blackwell,Male,36.0,2020-11-13,South
C0619,Wendy,Campbell,Male,,2023-11-06,South
C0620,Keith,Moore,Female,53.0,2022-09-14,South
C0621,Anita,Richardson,Male,30.0,2023-08-26,North
C0622,Dylan,Rangel,Male,34.0,2022-11-21,North
C0623,Norma,Lopez,Male,61.0,2023-09-04,South
C0624,Alexandra,Hutchinson,Female,59.0,2020-12-18,North
C0625,Scott,Thomas,Female,31.0,2024-02-26,East
C0626,Samuel,Turner,Female,,2022-11-22,East
C0627,John,Hamilton,Female,60.0,2021-05-23,South
C0628,Michael,Morrison,Other,69.0,2024-11-09,West
C0629,Natasha,Anderson,Other,22.0,2022-02-18,North
C0630,James,Fischer,Male,26.0,2022-12-25,South
C0631,Kimberly,Woods,Male,52.0,2020-10-26,West
C0632,Lisa,Larsen,Other,41.0,2022-01-05,East
C0633,Sherry,Gilbert,Other,45.0,2021-04-16,South
C0634,Denise,Chandler,Male,66.0,2024-03-05,South
C0635,Dylan,Mitchell,Other,36.0,2023-03-13,South
C0636,Richard,Watson,Female,33.0,2020-11-18,North
C0637,Janet,Underwood,Other,68.0,2022-07-16,East
C0638,Sean,Sanchez,Male,50.0,2023-01-19,West
C0639,Jasmine,George,Male,64.0,2023-01-10,North
C0640,Melissa,Brown,Female,68.0,2024-07-27,North
C0641,Danielle,Mack,Male,50.0,2021-05-05,West
C0642,Heather,Ballard,Other,66.0,2023-08-10,East
C0643,Regina,Brown,Female,51.0,2024-04-20,West
C0644,Joshua,Walters,Male,38.0,2023-02-26,East
C0645,Kaitlyn,Williams,Other,,2021-07-11,West
C0646,James,Morrow,Other,49.0,2022-03-04,West
C0647,Jacqueline,Garcia,Female,55.0,2021-06-18,West
C0648,Richard,Mosley,Other,68.0,2024-08-07,North
C0649,Nathan,Avila,Male,32.0,2023-07-09,South
C0650,Sandra,Martinez,Female,33.0,2024-08-30,West
C0651,Kevin,Kim,Male,37.0,2025-04-01,West
C0652,Misty,Oneal,Female,54.0,2024-09-05,South
C0653,Erik,Williams,Female,34.0,2022-11-11,North
C0654,Michael,Jefferson,Male,66.0,2023-04-02,North
C0655,David,Phillips,Female,,2020-09-25,East
C0656,Hannah,Frazier,Male,55.0,2023-08-27,North
C0657,Richard,Martinez,Female,50.0,2023-01-24,East
C0658,Greg,Gonzalez,Female,46.0,2022-07-02,West
C0659,Johnny,Nunez,Female,44.0,2022-03-31,East
C0660,William,Miller,Female,38.0,2024-07-13,East
C0661,Kristin,Powell,Female,19.0,2021-10-04,South
C0662,Jennifer,Reyes,Female,32.0,2024-04-05,East
C0663,Isaac,Watkins,Other,22.0,2024-03-19,East
C0664,John,Sandoval,Male,36.0,2022-05-13,North
C0665,Luke,Santos,Female,32.0,2021-05-28,North
C0666,Nicole,Reynolds,Male,22.0,2024-03-08,East
C0667,Mary,White,Male,52.0,2021-09-30,South
C0668,Jonathan,Marshall,Female,30.0,2025-03-18,East
C0669,Kyle,Reilly,Female,37.0,2022-05-17,East
C0670,Bryan,Turner,Male,63.0,2021-08-13,South
C0671,Andrew,Davis,Other,65.0,2023-05-10,East
C0672,Matthew,Good,Male,67.0,2020-06-05,East
C0673,Timothy,Moreno,Female,70.0,2020-08-17,East
C0674,Juan,Allen,Female,43.0,2021-06-30,North
C0675,Jamie,Le,Female,59.0,2022-09-26,South
C0676,Laura,Lewis,Female,32.0,2023-08-16,South
C0677,Ashley,Johnson,Other,65.0,2021-07-16,South
C0678,Audrey,Benson,Female,32.0,2023-07-09,West
C0679,Deanna,Kent,Other,70.0,2022-12-04,West
C0680,Daniel,Calderon,Female,68.0,2023-12-10,North
C0681,Shannon,Henry,Female,30.0,2024-05-22,West
C0682,Ashley,Black,Other,44.0,2024-05-08,South
C0683,Katherine,Saunders,Female,46.0,2022-06-29,North
C0684,Diana,Mccormick,Female,26.0,2022-01-14,South
C0685,Erika,Brown,Female,65.0,2023-04-30,North
C0686,Melissa,Cox,Female,69.0,2023-01-01,East
C0687,Mark,Chavez,Female,32.0,2023-02-24,West
C0688,Melinda,Stewart,Female,61.0,2020-06-13,West
C0689,Courtney,Cook,Other,52.0,2020-11-04,East
C0690,Justin,Chang,Female,55.0,2023-12-20,North
C0691,Matthew,Norman,Other,68.0,2022-04-24,North
C0692,Margaret,Rodriguez,Male,27.0,2024-05-28,East
C0693,Daniel,Hudson,Other,58.0,2023-05-26,West
C0694,Lorraine,Smith,Female,31.0,2023-06-05,West
C0695,Amy,Johnson,Male,52.0,2024-01-05,West
C0696,Stephen,Ross,Male,48.0,2020-11-13,North
C0697,Gregory,Harris,Female,54.0,2021-02-28,West
C0698,Charles,Gordon,Other,37.0,2024-09-09,North
C0699,Sydney,Smith,Male,24.0,2021-05-15,South
C0700,Anthony,Reed,Male,70.0,2023-01-09,West
C0701,Jason,Mcneil,Male,29.0,2022-05-17,South
C0702,Nicholas,Williams,Male,42.0,2023-02-23,East
C0703,John,Buck,Male,32.0,2020-12-19,East
C0704,David,Avery,Other,51.0,2023-02-21,North
C0705,Felicia,Guerrero,Female,21.0,2023-12-16,East
C0706,Madeline,Rodriguez,Other,,2022-08-03,South
C0707,Sheila,Vaughn,Female,44.0,2022-01-17,West
C0708,Juan,Gross,Male,25.0,2025-03-14,South
C0709,Kevin,Brown,Other,44.0,2023-12-20,West
C0710,David,Harris,Other,22.0,2021-12-16,West
C0711,Alice,Ross,Male,26.0,2021-09-23,South
C0712,Allison,Combs,Female,45.0,2023-08-08,West
C0713,Vicki,Duncan,Male,56.0,2021-08-11,East
C0714,Patricia,Harvey,Other,30.0,2024-08-19,West
C0715,John,Phillips,Female,30.0,2021-08-03,North
C0716,David,Brown,Male,46.0,2020-07-05,North
C0717,Deborah,Castillo,Female,56.0,2024-08-24,South
C0718,Joseph,Williams,Other,39.0,2021-11-19,West
C0719,Michael,Kelly,Female,47.0,2024-10-15,North
C0720,Megan,Sims,Other,23.0,2022-08-09,East
C0721,Elaine,Young,Other,47.0,2022-04-12,East
C0722,Olivia,Nelson,Other,63.0,2025-03-16,East
C0723,Mark,Franklin,Female,57.0,2020-10-19,South
C0724,Robert,Davis,Female,33.0,2024-03-02,South
C0725,Eric,Moore,Other,64.0,2023-03-06,West
C0726,Mark,Bond,Female,42.0,2023-03-25,South
C0727,Justin,Morris,Other,54.0,2024-12-20,North
C0728,Bradley,Gordon,Female,62.0,2023-03-31,North
C0729,Christopher,Morales,Male,28.0,2021-08-22,East
C0730,Gina,Wagner,Other,52.0,2021-03-01,East
C0731,Erin,Johnson,Other,22.0,2021-07-12,South
C0732,Kimberly,Harrell,Female,44.0,2023-12-02,North
C0733,Jessica,Nelson,Female,22.0,2023-06-15,North
C0734,Michelle,Lindsey,Other,67.0,2022-01-15,East
C0735,Kelly,Nelson,Female,46.0,2020-08-24,South
C0736,Matthew,Carr,Female,31.0,2021-03-03,North
C0737,Robert,Bennett,Female,19.0,2023-05-25,North
C0738,Danny,Salas,Other,62.0,2024-09-14,West
C0739,Mariah,Mercer,Female,39.0,2023-10-27,West
C0740,John,Bush,Male,43.0,2021-04-16,North
C0741,Laura,Warren,Male,34.0,2024-05-29,North
C0742,Steven,Mata,Other,26.0,2021-06-12,East
C0743,Andrew,Rivera,Other,65.0,2022-02-07,West
C0744,Sara,Collins,Female,47.0,2025-04-07,North
C0745,Julie,Garcia,Male,53.0,2021-02-25,South
C0746,Tonya,Wilson,Other,46.0,2024-06-04,South
C0747,Richard,Harrison,Female,70.0,2021-09-26,East
C0748,Michelle,Johns,Male,28.0,2021-12-15,North
C0749,Cory,Wise,Other,24.0,2023-07-15,South
C0750,Kyle,Montgomery,Female,25.0,2024-11-18,West
C0751,Sydney,Koch,Male,22.0,2021-09-16,North
C0752,Lacey,Luna,Other,35.0,2024-07-06,South
C0753,Kirsten,Allen,Female,40.0,2022-10-05,South
C0754,Steven,Jordan,Male,63.0,2022-11-24,North
C0755,Jonathan,Miller,Other,52.0,2022-03-27,South
C0756,William,Roach,Female,62.0,2021-03-10,North
C0757,Leah,Hill,Other,69.0,2021-08-09,North
C0758,Barbara,Hernandez,Female,62.0,2024-09-07,East
C0759,Amanda,Johnson,Female,21.0,2022-10-21,North
C0760,Dana,Brown,Male,67.0,2024-06-14,West
C0761,Melissa,Fitzgerald,Male,33.0,2023-09-03,East
C0762,Antonio,Jackson,Male,30.0,2023-10-26,North
C0763,Rachel,Little,Male,44.0,2022-03-23,North
C0764,David,Kelley,Male,39.0,2023-10-16,South
C0765,Angela,Garcia,Other,60.0,2024-12-19,North
C0766,Seth,Edwards,Male,,2021-04-25,South
C0767,Daniel,Gregory,Other,28.0,2020-11-21,North
C0768,Gail,Rosales,Female,50.0,2024-07-02,North
C0769,Renee,Tucker,Female,38.0,2020-11-14,South
C0770,Emily,Johnson,Other,31.0,2023-06-18,West
C0771,Charlene,Benson,Female,25.0,2020-12-29,South
C0772,Kenneth,Stuart,Male,24.0,2024-04-25,East
C0773,Rhonda,Kline,Female,29.0,2022-12-27,North
C0774,Vanessa,Martin,Female,59.0,2022-06-21,East
C0775,Cynthia,Hart,Male,42.0,2023-07-15,South
C0776,Katherine,Lane,Female,32.0,2021-06-07,North
C0777,Anna,Hammond,Other,70.0,2021-03-17,East
C0778,Taylor,Hudson,Other,57.0,2023-03-05,East
C0779,Joshua,Meyer,Male,22.0,2020-04-16,South
C0780,Breanna,Schroeder,Female,37.0,2023-10-08,West
C0781,Latasha,Morales,Male,63.0,2020-11-11,South
C0782,Joseph,Logan,Female,24.0,2023-06-28,East
C0783,Alyssa,Wright,Other,62.0,2021-03-13,West
C0784,Angela,Johnson,Other,67.0,2020-12-12,South
C0785,Lisa,Richmond,Female,29.0,2020-10-11,East
C0786,Patricia,Mccarty,Other,48.0,2022-07-31,North
C0787,Alicia,Jimenez,Female,19.0,2023-06-07,West
C0788,Timothy,Scott,Female,50.0,2023-04-12,South
C0789,Tonya,Sandoval,Other,55.0,2024-07-21,North
C0790,Julie,Pugh,Male,19.0,2022-11-20,North
C0791,Brittany,Murray,Female,33.0,2023-11-01,West
C0792,Daniel,Haney,Male,57.0,2020-12-31,North
C0793,Charles,Lee,Male,26.0,2023-05-13,East
C0794,Brent,Brown,Female,36.0,2023-08-21,South
C0795,Emily,Smith,Male,42.0,2025-04-03,South
C0796,Jonathan,Gardner,Other,20.0,2023-03-08,South
C0797,Jordan,Smith,Other,56.0,2020-04-29,West
C0798,Rachel,Porter,Other,39.0,2020-08-12,South
C0799,Jeffrey,Myers,Female,,2024-06-12,North
C0179,Carol,Lara,Female,42.0,2021-10-03,North
C0596,David,Carr,Female,18.0,2022-08-22,South
C0396,Laura,Smith,Female,67.0,2025-03-10,South
C0797,Jordan,Smith,Other,56.0,2020-04-29,West
C0526,Michael,Brown,Other,25.0,2021-08-09,East
C0636,Richard,Watson,Female,33.0,2020-11-18,North
C0631,Kimberly,Woods,Male,52.0,2020-10-26,West
C0373,Melissa,Cole,Female,66.0,2020-10-10,North
C0135,Hector,Clarke,Other,30.0,2025-04-04,East
C0572,Abigail,Adams,Male,21.0,2020-04-20,West
C0698,Charles,Gordon,Other,37.0,2024-09-09,North
C0476,John,Le,Female,29.0,2022-11-23,West
C0059,Alison,Berger,Male,56.0,2020-11-16,West
C0600,Timothy,Cunningham,Male,39.0,2021-04-24,South
C0480,Matthew,Moore,Female,27.0,2020-05-23,South
C0515,Elizabeth,Alvarez,Other,46.0,2023-07-22,East
